HDR,Mixed HDR-NHEJ,NHEJ,Unmodified
96.30636392708666,68.12723141837066,82.60046415048248,88.00533943554538
