HDR,Mixed HDR-NHEJ,NHEJ,Unmodified
85.36253570942729,64.84607745779543,82.50102453017973,95.04685408299866
